ID_Objednavky,ID_Zakaznika,ID_Zaznamu_Psa,Cesta_K_Fotke
233631,1,233633,public://obsah/objednavka/233633/obrazky/airedaleterrier.png
233626,0,233627,public://obsah/objednavka/233627/obrazky/akita.png
233622,9300,233623,public://obsah/objednavka/233623/obrazky/puppy1727365505.jpeg
233619,9104,233620,public://obsah/objednavka/233620/obrazky/maggie1731661213.jpeg
233617,3990,233618,public://obsah/objednavka/233618/obrazky/size-new-3.png
233615,1332,233614,public://obsah/objednavka/233614/obrazky/dakota-ebbony1728497160.jpeg
233612,9676,233616,public://obsah/objednavka/233616/obrazky/yorkshireterrier.png
233595,0,233596,public://obsah/objednavka/233596/obrazky/dasa1734476083.jpeg
233595,0,233599,public://obsah/objednavka/233599/obrazky/lea1734476774.jpeg
233595,0,233602,public://obsah/objednavka/233602/obrazky/boure1734478050.jpeg
233589,9674,233590,public://obsah/objednavka/233590/obrazky/pragueratter.png
233586,3766,233585,public://obsah/objednavka/233585/obrazky/avi1668586365.jpeg
233583,1095,233584,public://obsah/objednavka/233584/obrazky/jackrussellterrier.png
233085,9651,233579,public://obsah/objednavka/233579/obrazky/ponky1734465690.jpeg
233576,7912,233575,public://obsah/objednavka/233575/obrazky/aurora1701189319.jpeg
233573,9512,233574,public://obsah/objednavka/233574/obrazky/sam1733645361.jpeg
233570,4722,233571,public://obsah/objednavka/233571/obrazky/sindy1650293783.jpeg
233566,6618,233565,public://obsah/objednavka/233565/obrazky/dachshundstandardsmooth-haired.png
233563,0,233564,public://obsah/objednavka/233564/obrazky/bordercollie.png
233559,0,233560,public://obsah/objednavka/233560/obrazky/size-new-1.png
233553,0,233554,public://obsah/objednavka/233554/obrazky/airedaleterrier.png
233526,7179,233525,public://obsah/objednavka/233525/obrazky/yorkshireterrier.png
233523,8237,233524,public://obsah/objednavka/233524/obrazky/diego1708604645.jpeg
233521,0,233522,public://obsah/objednavka/233522/obrazky/germanspitztoy.png
233516,5585,233517,public://obsah/objednavka/233517/obrazky/grace1724618507.jpeg
233516,5585,233518,public://obsah/objednavka/233518/obrazky/kerca1690743834.jpeg
233514,9395,233515,public://obsah/objednavka/233515/obrazky/annie1730731373.jpeg
233512,9362,233513,public://obsah/objednavka/233513/obrazky/pragueratter.png
233508,0,233509,public://obsah/objednavka/233509/obrazky/skye1734417195.jpeg
233504,9673,233505,public://obsah/objednavka/233505/obrazky/aatest.png
233500,9672,233501,public://obsah/objednavka/233501/obrazky/jackrussellterrier.png
233496,0,233497,public://obsah/objednavka/233497/obrazky/pragueratter.png
233493,9150,233495,public://obsah/objednavka/233495/obrazky/pragueratter.png
233478,9671,233488,public://obsah/objednavka/233488/obrazky/kiki1734388859.jpeg
233484,0,233485,public://obsah/objednavka/233485/obrazky/meggie1734387964.jpeg
233470,0,233471,public://obsah/objednavka/233471/obrazky/enny1734378701.jpeg
233464,6430,233465,public://obsah/objednavka/233465/obrazky/eywa1728822924.jpeg
233462,6052,233463,public://obsah/objednavka/233463/obrazky/barbar1734377997.jpeg
233456,9669,233458,public://obsah/objednavka/233458/obrazky/angie1734370388.jpeg
233453,9668,233454,public://obsah/objednavka/233454/obrazky/timmy1734369953.jpeg
233446,3469,233447,public://obsah/objednavka/233447/obrazky/hungarianshort-hairedpointervizsla.png
233440,6904,233441,public://obsah/objednavka/233441/obrazky/megginka1681805449.jpeg
233438,5669,233439,public://obsah/objednavka/233439/obrazky/kenny1663568596.jpeg
233431,0,233437,public://obsah/objednavka/233437/obrazky/oliver1728655524.jpeg
233429,2305,233430,public://obsah/objednavka/233430/obrazky/labradorretriever.png
233422,7250,233421,public://obsah/objednavka/233421/obrazky/maxim1708513208.jpeg
233415,9667,233418,public://obsah/objednavka/233418/obrazky/size-new-2.png
233403,1555,233404,public://obsah/objednavka/233404/obrazky/vaclav1606825795.jpeg
233401,6309,233402,public://obsah/objednavka/233402/obrazky/loki1675789254.jpeg
233398,9666,233399,public://obsah/objednavka/233399/obrazky/maltese.png
233394,0,233395,public://obsah/objednavka/233395/obrazky/size-new-2.png
233390,9665,233391,public://obsah/objednavka/233391/obrazky/chihuahua.png
233383,3471,233382,public://obsah/objednavka/233382/obrazky/bronecek1716806933.jpeg
233380,3591,233381,public://obsah/objednavka/233381/obrazky/germanspitztoy.png
233377,9664,233378,public://obsah/objednavka/233378/obrazky/pejsek-se-jmenuje-flicek-je-mu-13-let-ma-spatny-zuby-vazi-19-kylo1734337840.jpeg
233373,8570,233374,public://obsah/objednavka/233374/obrazky/foxy1711789350.jpeg
233371,2555,233372,public://obsah/objednavka/233372/obrazky/australianshepherd.png
233367,9110,233368,public://obsah/objednavka/233368/obrazky/egon1721850407.jpeg
233362,1875,233363,public://obsah/objednavka/233363/obrazky/whippet.png
233362,1875,233365,public://obsah/objednavka/233365/obrazky/whippet.png
233362,1875,233366,public://obsah/objednavka/233366/obrazky/whippet.png
233359,8998,233360,public://obsah/objednavka/233360/obrazky/ardy1729767088.jpeg
233354,0,233355,public://obsah/objednavka/233355/obrazky/loki1734328720.jpeg
233351,9663,233352,public://obsah/objednavka/233352/obrazky/barnie1734328438.jpeg
233347,6094,233346,public://obsah/objednavka/233346/obrazky/charlie1690699083.jpeg
233345,3397,233344,public://obsah/objednavka/233344/obrazky/ela1682483313.jpeg
233337,9186,233341,public://obsah/objednavka/233341/obrazky/kora1723737064.jpeg
233325,3350,233326,public://obsah/objednavka/233326/obrazky/goldenretriever.png
233325,3350,233327,public://obsah/objednavka/233327/obrazky/size-new-3.png
233323,9662,233324,public://obsah/objednavka/233324/obrazky/jack1734295135.jpeg
233319,4961,233320,public://obsah/objednavka/233320/obrazky/americanstaffordshireterrier.png
233314,8066,233313,public://obsah/objednavka/233313/obrazky/whiteswissshepherd.png
233308,9096,233309,public://obsah/objednavka/233309/obrazky/germanshepherddog.png
233308,9096,233310,public://obsah/objednavka/233310/obrazky/germanshepherddog.png
233304,0,233544,public://obsah/objednavka/233544/obrazky/bostonterrier.png
233297,8178,233301,public://obsah/objednavka/233301/obrazky/alutka1734281752.jpeg
233293,6420,233294,public://obsah/objednavka/233294/obrazky/englishcockerspaniel.png
233288,3273,233289,public://obsah/objednavka/233289/obrazky/denny1658586995.jpeg
233283,0,233284,public://obsah/objednavka/233284/obrazky/gery1734273000.jpeg
233277,0,233278,public://obsah/objednavka/233278/obrazky/keeny-jako-ty-boty1733428286.jpeg
233276,6438,233275,public://obsah/objednavka/233275/obrazky/yorkshireterrier.png
233267,9660,233268,public://obsah/objednavka/233268/obrazky/americanstaffordshireterrier.png
233264,0,233265,public://obsah/objednavka/233265/obrazky/bolognese.png
233260,8038,233261,public://obsah/objednavka/233261/obrazky/bichonfrise.png
233250,3047,233255,public://obsah/objednavka/233255/obrazky/lilly1697356696.jpeg
233252,2229,233251,public://obsah/objednavka/233251/obrazky/americanstaffordshireterrier.png
233247,9659,233248,public://obsah/objednavka/233248/obrazky/yorkshireterrier.png
233237,9658,233238,public://obsah/objednavka/233238/obrazky/pepinka1734256852.jpeg
233227,7346,233229,public://obsah/objednavka/233229/obrazky/lira1689413744.jpeg
233227,7346,233230,public://obsah/objednavka/233230/obrazky/iza1689147459.jpeg
233224,1467,233223,public://obsah/objednavka/233223/obrazky/irishredsetter.png
233218,3333,233220,public://obsah/objednavka/233220/obrazky/boris1634284364.jpeg
233214,9657,233215,public://obsah/objednavka/233215/obrazky/boxer.png
233212,0,233213,public://obsah/objednavka/233213/obrazky/boxer.png
233194,0,233195,public://obsah/objednavka/233195/obrazky/elinka1734238459.jpeg
233186,6033,233185,public://obsah/objednavka/233185/obrazky/ellie1672068723.jpeg
233181,0,233183,public://obsah/objednavka/233183/obrazky/naboo1627550404.jpeg
233179,9279,233178,public://obsah/objednavka/233178/obrazky/sendy1726750076.jpeg
233170,7306,233169,public://obsah/objednavka/233169/obrazky/otik1687615263.jpeg
233167,5732,233168,public://obsah/objednavka/233168/obrazky/alfa1734201895.jpeg
